artist_name,date_added
101 tribe vibe,2026-06-16 18:50:26
10mm,2026-05-30 18:43:34
1111 good tribe vibes,2026-06-11 18:43:29
1950 soulclub,2026-05-30 19:20:17
1960 soulclub,2026-06-01 15:03:26
1980s blues soul,2026-06-16 22:55:29
19s soulers,2026-06-01 15:01:27
2710 luna,2026-05-31 21:50:15
3 west wild,2026-05-20 15:58:55
316 rebel redeemed,2026-06-15 16:04:07
404 mørke,2026-06-16 23:17:40
5 days left,2026-06-09 01:12:34
507 eddy smith the,2026-05-20 15:58:55
57 project,2026-06-13 21:28:38
58 blues mississippi,2026-05-31 18:00:11
7 wiedźma,2026-05-30 17:38:34
7 zero,2026-05-20 15:58:55
86 android,2026-06-12 00:56:25
88ds,2026-06-15 02:29:25
a a e l o r v,2026-06-11 16:53:49
a ai am jedi,2026-06-09 02:02:50
a ce zar,2026-06-09 01:44:53
aalegra snoh,2026-05-20 15:58:55
abaddon abel,2026-05-24 19:33:06
abundance shift to,2026-05-20 15:58:55
adoni dj,2026-05-20 15:58:55
aeon machina,2026-05-26 17:23:39
affirmation club,2026-06-16 18:55:57
africa grace of,2026-05-20 15:58:55
afrocarpathic,2026-05-25 15:14:08
after end the,2026-06-12 18:36:20
age aquarius of,2026-06-16 18:59:29
agtverse,2026-05-31 17:53:46
ahmed saad,2026-05-20 15:58:55
ai by do mi re,2026-05-29 19:45:41
ai groove muse,2026-06-16 18:46:25
ai metalyric theater,2026-05-25 17:12:22
ai music serenitys soul,2026-06-16 21:05:56
ai musiq rimond,2026-05-26 18:27:20
ai styleshift,2026-05-29 19:44:55
aici e romania,2026-06-10 22:27:10
aimhpulse,2026-05-25 17:13:35
akakuma mika,2026-06-17 15:05:28
akihiko kai,2026-06-13 21:26:56
akros,2026-05-20 15:58:55
alan walker,2026-06-15 02:16:28
alana cruz,2026-05-20 15:58:55
alba albina,2026-05-31 19:53:34
albo x,2026-05-30 17:37:56
albuquerqüe gabriel,2026-05-25 15:24:40
aleco,2026-05-20 15:58:55
aleks glum,2026-06-16 18:51:17
alessia fontana,2026-06-11 18:32:41
alex ruо,2026-06-11 18:49:56
alexandre desplat,2026-06-13 00:58:54
algorithm outlaw,2026-05-20 15:58:55
ali music,2026-05-25 15:06:33
alice yoga,2026-06-15 02:20:52
all fcked were,2026-05-20 15:58:55
all hold we,2026-05-26 17:43:26
allen david,2026-06-09 01:14:48
almost never,2026-05-31 19:55:20
alonzo,2026-05-20 15:58:55
am i,2026-06-16 18:56:37
am i imperatrix the,2026-06-15 02:16:28
amara grace,2026-06-15 16:16:28
amari chase,2026-05-26 17:05:15
amarie,2026-05-20 15:58:55
amazy music,2026-06-09 01:33:45
amnesiasound,2026-05-20 15:58:55
amore miyavi,2026-05-29 23:44:35
amyra blue,2026-05-30 20:02:10
ana vas,2026-05-20 15:58:55
ananda frequencies,2026-06-16 18:45:22
ancient mother,2026-06-16 18:39:25
and ash echo,2026-05-26 19:28:48
and bear daughters of the the wren,2026-05-29 23:17:34
and city colour,2026-05-20 15:58:55
and echo jimmy the,2026-06-09 01:57:06
and revival rivers,2026-05-24 19:35:09
and saints sirens,2026-05-29 23:37:14
and scars tattoos,2026-05-30 18:48:19
andersen matt,2026-05-20 15:58:55
andra day,2026-05-20 15:58:55
andrew blues dykes man the,2026-05-20 15:58:55
andrew lewis,2026-05-24 19:35:44
angelofanarchy,2026-05-22 15:35:26
ann tony,2026-06-13 02:30:29
ansel king,2026-06-11 18:51:51
ansi,2026-06-11 16:50:53
apexion celestial,2026-05-26 19:27:28
apexwolf beats,2026-05-30 17:36:45
appalachian lightning white,2026-05-20 15:58:55
apples bad,2026-05-22 15:32:46
arcane novaray,2026-05-20 15:58:55
archive babylon burn let,2026-06-12 21:56:22
archive kansh,2026-05-20 15:58:55
archive room soul,2026-05-31 18:02:11
arena midnight,2026-05-29 19:52:18
argento ilaria,2026-05-20 15:58:55
aria sai,2026-06-16 18:49:37
arimbyy weldy,2026-05-30 17:08:29
arkam,2026-05-30 17:44:54
armyork,2026-05-26 18:26:13
artem bojko,2026-06-12 17:19:15
artist human last the,2026-06-06 17:30:20
artistry kingdom,2026-05-25 13:23:45
asgard echoes of,2026-05-29 23:42:54
ash eden to,2026-05-26 17:27:22
ash lantern,2026-05-31 18:07:52
ash music reed,2026-05-30 18:42:32
ash reed,2026-05-20 15:58:55
ashborn records,2026-06-16 23:15:33
ashborne,2026-05-29 19:56:13
ashes from new to,2026-06-11 02:50:00
ashes midgard of,2026-06-16 20:36:00
ashes of sons,2026-05-20 15:58:55
astra gold,2026-06-17 17:54:07
astral the through veil,2026-05-20 15:58:55
at drugs had me you,2026-06-16 23:20:31
august green,2026-05-26 17:40:51
aura lab the,2026-06-18 02:55:26
aura sefu,2026-05-30 17:07:02
aurel kain,2026-05-31 19:52:34
aurenza,2026-06-11 16:46:31
auri kade,2026-05-29 23:21:40
aurora lane,2026-05-20 15:58:55
austin blanchfill,2026-06-17 17:52:49
avaria,2026-06-16 22:59:29
aveline blackridge,2026-05-29 23:35:45
avellex,2026-05-20 15:58:55
aven,2026-05-20 15:58:55
aventhis,2026-05-30 19:22:01
avenue lights,2026-05-31 17:56:58
avenue ph skate,2026-06-15 03:01:22
avenue skate,2026-06-15 02:54:02
avtir,2026-06-16 20:33:54
awake shadows,2026-06-17 15:08:06
awing pasuk,2026-05-30 17:09:29
ay grabe music,2026-06-15 02:49:35
aya thorn,2026-06-17 15:08:45
aymoune,2026-05-20 15:58:55
aynka moody,2026-05-25 15:11:30
azul nomada,2026-05-20 15:58:55
babylon burn let,2026-05-20 15:58:55
babylon burning,2026-06-09 04:05:46
babylon caelis,2026-06-12 21:55:29
baccardi jerry,2026-06-11 17:04:13
badi moss,2026-05-30 20:00:55
baliyungz73,2026-06-09 04:21:56
balkanicdor,2026-05-20 15:58:55
balled draugr,2026-05-29 22:25:31
band garden jt plastic the,2026-06-09 02:00:28
band jaren the,2026-05-25 13:36:26
banner hellena,2026-06-16 18:41:06
bar benetti house,2026-06-15 03:09:12
barbara joyce,2026-05-31 17:54:27
bard of the warriors,2026-05-29 23:11:16
bardic dm the,2026-05-25 17:19:24
bards ethernia of,2026-05-29 23:18:20
battle drone,2026-05-25 17:14:15
battle in soul,2026-05-30 17:43:45
bazini bobby,2026-05-20 15:58:55
beats frostwolflore,2026-05-29 23:38:48
beats phantom sa,2026-05-26 18:26:46
beatz draugr,2026-05-29 22:30:54
beau jai,2026-05-30 17:10:07
beer tressa,2026-05-20 15:58:55
bela the vibe,2026-06-16 18:40:14
believer blue collar the,2026-05-20 15:58:55
bella international,2026-06-16 18:42:30
belle kingsley nora,2026-05-20 15:58:55
belle rey viviana,2026-06-11 18:27:50
beloved shadow,2026-05-22 15:37:51
bennett charlie,2026-05-29 23:43:17
bennett harlan,2026-05-31 17:40:51
bennett mikhail,2026-05-31 17:41:30
benny rivers,2026-05-31 17:51:28
beth by ghost stories,2026-06-12 18:32:33
bethzienna,2026-06-16 20:23:30
beyond disdain,2026-06-12 00:52:21
bible jazz radio,2026-06-15 03:12:41
biblioteca crestina,2026-05-25 15:07:09
bilackdub,2026-06-09 04:13:05
biliac victor,2026-05-20 15:58:55
bitblood,2026-06-16 23:12:23
björn ironskull,2026-06-16 19:06:14
bl3ss,2026-05-20 15:58:55
black erickas,2026-06-17 20:31:39
black jude,2026-06-13 17:11:13
black mammoth the,2026-06-08 22:49:08
black river whiskey,2026-06-17 17:58:13
black ruby,2026-05-30 20:05:49
blackthorn raviel,2026-05-31 19:57:44
blake esme,2026-05-20 15:58:55
blake noah west,2026-06-15 16:14:27
blanc mateo,2026-06-27 00:47:47
blaze lina,2026-05-25 15:21:58
blaze nina,2026-05-20 15:58:55
bleed token,2026-06-16 21:04:25
bleeding verse,2026-06-12 00:57:19
blonde ravn,2026-05-29 22:59:17
bloodrage,2026-06-13 21:24:03
bloodtrail bound,2026-05-20 15:58:55
bloom cara,2026-05-20 15:58:55
blue ciara,2026-06-13 17:10:35
blue clarence,2026-05-31 18:08:57
blue darla radio,2026-05-25 15:29:05
blue enlly,2026-05-20 15:58:55
blue jett,2026-06-09 03:52:21
blue nahla,2026-05-30 20:04:21
blue notes royal,2026-05-20 15:58:55
blues brother delta,2026-06-18 01:43:30
blues chicago,2026-05-30 17:13:10
blues chicago radio,2026-05-31 17:46:41
blues clara hollins mae royal the,2026-05-31 17:58:16
blues club kings the,2026-05-31 17:45:16
blues cottonfield,2026-05-20 15:58:55
blues do reino,2026-06-12 21:53:52
blues hurricane james project,2026-05-20 15:58:55
blues icon soul,2026-05-31 17:49:14
blues icons soul,2026-05-30 20:40:33
blues man,2026-05-29 22:37:15
blues man whiskey,2026-05-31 17:47:57
blues new old,2026-05-20 15:58:55
blues roots true,2026-05-20 15:58:55
bob dominator,2026-05-29 22:29:26
boesch kelly,2026-05-20 15:58:55
bone dead music,2026-06-09 01:31:44
bones gravel n,2026-06-09 01:27:32
booksongsai,2026-05-29 23:36:25
boppers cottonfield,2026-06-17 16:15:19
bouss,2026-05-20 15:58:55
boy country dark,2026-05-20 15:58:55
bozz jonh,2026-05-20 15:58:55
brasileira dj jamaica,2026-06-09 04:26:48
breaking law,2026-05-29 22:33:42
breaking rust,2026-05-20 15:58:55
breath catch your,2026-06-11 02:41:26
brenda waters,2026-05-20 15:58:55
brett carter r,2026-05-26 17:39:35
bridges leon,2026-05-20 15:58:55
brie sissy,2026-05-25 17:20:04
broken roots,2026-05-29 22:34:26
broken trails,2026-05-20 15:58:55
brook saint,2026-06-09 01:19:17
brothers,2026-05-20 15:58:55
brothers de stanley,2026-05-20 15:58:55
broussard marc,2026-05-20 15:58:55
built fire from,2026-05-29 23:22:48
burn eden in me,2026-06-09 03:49:49
bxne,2026-06-18 01:21:46
bătrâni doi,2026-05-25 15:05:59
c mico,2026-06-09 01:43:55
c simon,2026-06-27 00:39:26
cabana samuel,2026-06-09 01:20:55
cade ironwood,2026-05-29 22:37:56
cade winslow,2026-06-17 17:55:19
caelis,2026-05-31 17:46:03
cago music,2026-06-09 01:15:55
cain walker,2026-06-08 22:48:26
caleb raines,2026-06-09 01:13:18
cali district swag,2026-05-20 15:58:55
callahan lee martha,2026-06-17 15:30:26
calm jazz,2026-06-11 18:28:35
carmen de la salciua,2026-06-10 22:59:56
carousel hangover,2026-05-29 19:58:25
casablanca liam,2026-05-20 15:58:55
caseyrsummers,2026-05-20 15:58:55
catching shapes,2026-06-11 16:51:36
cetee,2026-06-26 10:42:33
celestial tunes,2026-05-26 17:18:31
chant iron,2026-05-29 23:08:45
chants odin,2026-05-29 22:26:55
charfutur,2026-05-31 19:49:44
charmonix,2026-05-20 15:58:55
chef music,2026-06-10 22:33:58
chefsito,2026-05-20 15:58:55
chill label special,2026-06-16 23:10:37
chill riechers,2026-05-31 21:54:03
chimp du marcel,2026-05-31 22:03:52
chinner mollyanne,2026-06-16 19:01:37
chizuka,2026-06-11 18:39:48
chordline the,2026-05-31 20:58:33
chris lebron,2026-05-20 15:58:55
chris rea,2026-05-20 15:58:55
christian creations music,2026-05-24 19:33:52
christian lofi,2026-06-15 03:14:13
christian pham,2026-05-20 15:58:55
christo lysander,2026-05-20 15:58:55
chronoleo,2026-05-26 18:25:36
clark jr mike,2026-05-20 15:58:55
clark montgomery,2026-05-31 21:51:15
clean soul,2026-05-30 19:18:59
closure,2026-06-16 21:00:38
club cool jazz retro,2026-05-31 21:55:26
coates music scott,2026-06-09 01:36:33
coconut rootz,2026-06-18 04:19:58
codee watson,2026-05-20 15:58:55
cody marrow,2026-05-20 15:58:55
coffee jesus with,2026-06-15 03:04:20
coldplay,2026-05-20 15:58:55
collapse velvet,2026-06-13 21:25:25
collective hutchfest the,2026-06-17 01:25:54
collective living the word,2026-06-15 03:10:14
confessions dark rb,2026-06-11 18:50:58
connor price,2026-05-20 15:58:55
cortexus,2026-06-13 21:30:57
cosmicjelly,2026-06-22 15:59:55
cosmin l music,2026-05-25 15:21:23
country dark,2026-06-08 22:59:31
country group jesus music,2026-06-15 16:13:35
country outlaw rugged,2026-06-17 17:56:05
county market pagan polk,2026-06-15 02:16:28
covers reamped,2026-06-15 02:48:06
coves hollow,2026-05-20 15:58:55
cowboys halcyon,2026-05-26 17:38:47
cozmic vibrationz,2026-06-18 04:29:17
cr33pia,2026-05-20 15:58:55
crazy wally,2026-06-15 16:12:41
creed dusty,2026-05-20 15:58:55
creed eli,2026-05-30 17:44:16
creed wyatt,2026-05-31 17:53:01
creezy,2026-06-11 18:40:40
crimson sorrow,2026-06-12 17:17:32
crimson vale,2026-06-12 00:54:44
cristina ursari,2026-05-25 15:28:15
cross hammer the to,2026-05-29 22:35:09
crosslight,2026-05-25 17:11:06
crossroads legends,2026-06-18 01:35:25
crossroads records,2026-05-31 18:02:51
crow mason,2026-06-17 17:57:31
crown dethrone the,2026-06-13 21:37:16
cruz fernando jose luis surillo we,2026-06-09 04:19:49
cry souls,2026-06-16 21:01:19
cryptic mister,2026-05-31 19:48:59
crystal tempo,2026-06-12 18:30:00
cyndr,2026-06-08 22:50:46
cypher valhalla,2026-05-29 23:16:19
dadi,2026-05-20 15:58:55
dadinho,2026-05-20 15:58:55
dakkar freya,2026-05-29 23:06:03
dalton eddie,2026-05-31 17:50:47
damascus don,2026-06-09 04:23:24
damon price,2026-06-09 01:22:03
dan dorina,2026-05-20 15:58:55
dan slocombe,2026-05-31 17:48:36
dani grigu,2026-05-20 15:58:55
danya,2026-06-10 22:33:15
dara,2026-05-20 15:58:55
dario marianelli,2026-06-13 02:32:26
darius reig,2026-05-29 19:40:14
dark escape rb,2026-06-11 18:35:55
darklux,2026-05-26 17:30:52
darkrose ruby,2026-05-26 17:20:35
darks lords the,2026-05-25 17:21:16
darling whisper,2026-05-20 15:58:55
dave i needed this,2026-05-24 19:32:28
dave ras,2026-06-18 04:29:59
david sven,2026-05-30 20:39:48
davis gloria,2026-05-20 15:58:55
dawn imani,2026-05-20 15:58:55
daxlin veylo,2026-05-20 15:58:55
daylight rapture,2026-05-20 15:58:55
dayseeker,2026-06-17 01:51:48
db villains,2026-05-31 17:52:17
de lune élise,2026-05-20 15:58:55
de patron patrones,2026-05-20 15:58:55
de reyna sevilla,2026-05-25 15:13:02
dead kiss me,2026-05-22 15:36:03
dead of son sun the,2026-05-30 17:42:35
deadcue,2026-06-11 02:42:10
deadluve,2026-06-16 21:07:48
deadwood revival,2026-05-29 23:41:35
dean jonah,2026-06-27 00:38:51
decoys zen,2026-06-11 16:49:33
deep escape,2026-06-11 17:01:09
del lana ray,2026-06-15 02:18:41
demon dirt road,2026-05-20 15:58:55
denyslvox,2026-05-20 15:58:55
derp neural,2026-06-09 01:58:36
desire velvet,2026-06-15 02:32:00
desires velvet,2026-05-20 15:58:55
desiyre,2026-05-26 17:07:53
destin seul un,2026-05-20 15:58:55
detroit sling,2026-06-11 18:29:25
devil inside the,2026-06-09 02:01:19
devlin hank,2026-06-09 01:16:47
devotion playful,2026-05-26 17:28:00
deyu music,2026-05-20 15:58:55
dg vano,2026-05-30 17:35:29
dianova,2026-05-20 15:58:55
diesel,2026-06-15 16:03:21
digitalxblood,2026-06-13 21:33:28
din muzica suflet,2026-05-25 16:36:25
dinaz djadja,2026-05-20 15:58:55
disclaimer remarks without,2026-05-31 19:52:03
district east ph,2026-06-09 01:43:11
dj junior lutz,2026-06-18 04:25:07
dj lautar,2026-06-10 23:06:25
dj mike one,2026-05-20 15:58:55
dj q shawn,2026-05-25 13:27:55
dj rivera,2026-05-25 15:27:38
dj ury,2026-05-20 15:58:55
dmitriy sevostyanov,2026-05-20 15:58:55
dn music ri,2026-05-30 17:13:40
dndm,2026-05-20 15:58:55
do gee,2026-06-15 16:11:05
doc raven,2026-06-08 22:53:34
doctor manele,2026-05-25 15:09:36
dominik witka,2026-05-29 19:38:49
dominique filsaimé,2026-06-15 02:16:28
domsgard,2026-05-29 23:08:02
donna theresa,2026-05-20 15:58:55
doom velour,2026-06-12 00:59:40
dor ritm,2026-05-25 16:35:49
dordenou,2026-05-20 15:58:55
drama my original soundtrack,2026-05-20 15:58:55
dray maxwell,2026-06-13 17:39:12
drayce music,2026-05-20 15:58:55
drdvix,2026-06-11 18:44:48
dream fruits sounds,2026-05-31 18:05:36
dreams manifested,2026-05-29 23:27:11
dreamtranceai,2026-06-27 00:35:17
driftwood light,2026-05-31 18:04:51
drolet john,2026-06-17 17:51:24
dub king,2026-06-13 16:53:42
dub long white,2026-06-12 21:27:05
dubois michael,2026-05-20 15:58:55
duet northwake viking,2026-05-29 23:24:35
dumpster grooves,2026-05-20 15:58:55
dumpsterocks,2026-06-15 02:55:45
dust harmony,2026-06-09 01:17:29
dust raster,2026-06-15 02:17:10
dv8,2026-05-20 15:58:55
dwyght simpson,2026-05-25 13:29:53
echo everly,2026-06-11 02:45:43
echo harper,2026-06-16 21:07:08
echo odins,2026-05-29 23:22:18
echo western,2026-05-29 22:36:37
echoes grove of shamanic the,2026-06-16 18:54:22
echoes sacred,2026-05-29 19:44:15
echoes stormborn,2026-06-18 01:24:43
echoesofvelandria,2026-06-16 18:43:55
eddie just,2026-05-25 15:23:54
eden exiles of,2026-05-22 15:37:18
edovic west,2026-06-28 20:06:17
effort sans,2026-06-27 00:44:44
eilish gigi,2026-05-20 15:58:55
eirm,2026-06-27 00:37:40
ekospir,2026-06-09 01:42:32
ekse music,2026-05-25 15:19:50
elderbrook,2026-05-20 15:58:55
eldr sunny,2026-06-16 20:31:03
eldrheim,2026-06-16 20:31:43
eldruna,2026-05-29 23:02:10
eli,2026-06-17 01:52:59
elise legrow,2026-05-20 15:58:55
elixa luxen,2026-06-15 02:20:09
ella r,2026-06-15 03:06:47
ella rey,2026-06-16 23:13:44
ella wave,2026-06-15 02:16:28
elliott ocie,2026-05-20 15:58:55
elowine,2026-05-20 15:58:55
else,2026-05-20 15:58:55
elysera,2026-05-25 17:12:57
ember hollow,2026-06-16 21:02:47
emka sounds,2026-05-25 17:10:20
empty skyline,2026-06-13 21:30:17
endy,2026-05-25 17:09:40
enlly,2026-05-20 15:58:55
ennui muse,2026-06-12 18:31:04
era jazz soul the,2026-05-20 15:58:55
erastes,2026-06-16 18:41:49
erik lewirl,2026-06-01 21:42:31
erik rune,2026-05-29 22:28:11
escaped,2026-05-30 17:39:50
esme rose,2026-06-15 02:16:28
esteban luz st,2026-06-10 23:09:05
etheria oryn,2026-06-12 21:51:37
etta hartwell mae,2026-05-20 15:58:55
eugenia nicolae,2026-05-25 15:14:52
eurozia,2026-05-26 19:28:06
evan knight,2026-06-15 03:05:15
everhitsmoritabari,2026-06-11 18:37:20
experiences outdoor,2026-05-20 15:58:55
ezekiel rise,2026-06-09 03:41:57
faith grey,2026-06-17 15:40:06
fake music,2026-06-01 15:02:59
fall pieces to,2026-06-11 02:43:50
falling up wake,2026-06-11 02:40:42
false saints,2026-06-17 01:50:54
farmerman roman simon,2026-06-18 03:31:42
fashion music soul,2026-05-25 15:17:19
fernanda ribeiro souza,2026-05-30 17:03:32
fini,2026-05-20 15:58:55
finnegan moss,2026-05-31 18:06:18
fire gael of the,2026-05-29 23:19:01
fire through,2026-06-15 02:56:41
fisher naomi,2026-05-20 15:58:55
fizzy sa,2026-05-26 18:29:11
fjell ivar,2026-05-29 23:15:42
flip version,2026-06-12 21:26:21
flor mala,2026-06-11 16:47:45
flow heaven music,2026-06-17 17:52:09
flow rooted,2026-06-09 03:43:32
folk pagan wiccan,2026-05-29 23:10:11
folklor neo,2026-05-20 15:58:55
fontaine,2026-05-31 21:50:53
force sebass,2026-05-30 17:46:28
ford frazey,2026-05-20 15:58:55
fracker,2026-05-25 13:25:00
fraytasticmusic,2026-06-16 21:10:51
fredom street,2026-06-09 04:25:08
freedom of roots,2026-06-09 03:47:44
frontier heart,2026-06-15 16:04:47
frost livingston,2026-05-31 18:03:31
frost valkyra,2026-06-18 01:54:20
frozen siren,2026-06-12 18:31:43
funk justefunk,2026-06-17 01:25:12
future k1d,2026-05-22 15:33:27
ganapathy mahalingam,2026-05-20 15:58:55
gangster on wheels,2026-05-20 15:58:55
gembana,2026-05-20 15:58:55
genavieve linkowski,2026-05-20 15:58:55
gentlemen soulful,2026-05-25 13:26:31
gentlemen soulful the,2026-05-25 13:24:25
gents ladies,2026-05-31 21:51:58
gfresh studios,2026-05-31 18:04:09
ghanem majdi,2026-05-31 17:42:55
ghostproductionsnm,2026-05-25 13:26:13
gigi waterproof,2026-05-20 15:58:55
gigi z,2026-05-31 21:54:45
girl sunshine,2026-06-08 22:51:25
giselle lyon,2026-06-16 23:13:06
gladush valentyn,2026-05-20 15:58:55
global omnivibe,2026-06-15 16:17:11
gloria white,2026-05-30 19:19:36
glowborn vision,2026-05-29 23:37:59
god is love,2026-06-15 16:17:55
goddess holy no,2026-06-11 18:46:24
goober sounds,2026-05-29 19:47:02
gordzamashvili lali,2026-05-25 15:17:54
gospel rb soul,2026-06-15 03:16:04
gospel street syndicate,2026-05-25 13:22:29
goths metal the,2026-05-25 17:15:41
grace gravel,2026-06-17 17:58:56
grainger mitch,2026-05-20 15:58:55
gray ruston,2026-06-17 17:59:35
green on sessions the,2026-05-31 22:00:46
green shanice,2026-05-20 15:58:55
grey olivia,2026-05-20 15:58:55
grey veda,2026-05-30 20:00:07
grit n soul,2026-06-09 01:25:52
groove holy,2026-05-31 17:49:58
grooveboom,2026-05-20 15:58:55
gualtiero,2026-05-20 15:58:55
guguta mix,2026-05-25 15:08:54
guido raffa,2026-05-20 15:58:55
guitar players tribute,2026-05-20 15:58:55
guta liviu,2026-06-10 22:57:50
haden jude,2026-06-17 17:49:08
haevn,2026-05-20 15:58:55
haiducu marian,2026-05-20 15:58:55
hale marston,2026-05-31 21:52:29
hale weston,2026-05-31 18:07:11
harap,2026-05-25 15:10:12
harmony me you,2026-05-31 17:55:33
harmony sessions the,2026-06-17 16:03:19
harmony soul,2026-05-20 15:58:55
harrison storm,2026-06-18 01:10:37
hartle ivan,2026-05-20 15:58:55
harukhel,2026-05-29 19:42:53
haus hekate of,2026-06-16 18:43:11
haviticus,2026-06-11 02:39:40
heart julian,2026-06-11 18:31:04
heart weary,2026-06-17 16:03:19
heartbeat radio vintage,2026-05-31 21:48:04
heartvoid,2026-06-16 21:03:27
heathen tripstone,2026-05-26 17:21:15
heftique,2026-05-29 23:14:49
heinen jason,2026-06-15 02:48:44
helena pike,2026-05-20 15:58:55
hellwater saints,2026-06-09 01:26:51
heroes the ultimate,2026-06-09 01:47:22
hexbender,2026-05-31 17:43:33
hexmouth,2026-06-16 18:48:05
hexxenmind,2026-06-12 00:55:30
heylucas,2026-05-20 15:58:55
high the tower,2026-06-13 21:24:50
highway to zion,2026-06-17 17:53:26
hit j l oficial reggae,2026-06-09 04:09:00
hits limited,2026-05-25 15:10:49
hive world,2026-06-15 16:05:47
holden landry,2026-06-09 01:21:41
hollow the,2026-06-16 21:09:18
holy jazz vibes,2026-05-31 22:01:40
holy sound spirit,2026-05-31 17:47:19
honest pretty,2026-06-15 02:16:28
horizon jg,2026-06-15 02:47:24
hoshikaze nova,2026-06-15 02:46:41
hour timeless,2026-06-11 18:23:05
house lone lyric star,2026-06-09 01:20:00
house of red,2026-05-20 15:58:55
house vorren,2026-05-30 17:33:12
houseofrhythm,2026-05-29 23:26:35
howlin jackson,2026-05-20 15:58:55
hudson mark,2026-05-31 18:01:02
hugo samba,2026-06-17 01:28:13
hxddentruth,2026-05-20 15:58:55
hyperaker,2026-06-15 02:53:24
ia massil,2026-05-25 15:27:07
icefang sigr,2026-05-29 22:30:12
ida nik,2026-06-11 16:53:13
iilliaa,2026-05-20 15:58:55
ilaria music,2026-05-25 15:19:08
illkillshot,2026-06-09 01:28:19
imperfekt perfectly,2026-06-11 18:36:32
in lion zion,2026-06-09 03:41:05
in me paradise smoke,2026-06-09 03:48:31
inamora vespera,2026-05-31 19:52:59
inferisborn,2026-05-29 19:50:41
ingarose,2026-05-31 20:53:47
inkwillpublications,2026-06-17 18:00:38
intelligent records,2026-06-13 21:42:15
ioana pia,2026-05-20 15:58:55
irias,2026-06-08 23:00:02
irieen mystik,2026-05-20 15:58:55
iron ragnar vibes,2026-05-29 23:09:23
iron west,2026-05-30 17:02:59
ironbull ragal,2026-05-29 23:06:44
ivyic victor,2026-05-20 15:58:55
j rodis,2026-05-20 15:58:55
j rowann,2026-05-29 22:38:38
ja melody,2026-05-30 20:45:14
jacky,2026-05-31 17:44:23
jaguar medicine tribe,2026-06-16 18:58:03
jah jaheim,2026-06-09 04:13:46
james maverick,2026-05-20 15:58:55
james owen,2026-05-30 17:40:49
james victoria,2026-06-11 17:05:10
jason mclelland,2026-05-29 23:43:55
jasper whitman,2026-06-11 17:02:36
jax raven,2026-06-13 16:45:38
jaxxen,2026-06-09 01:35:47
jaye,2026-07-05 18:55:43
jazz manna,2026-06-15 03:13:29
jazz prayer,2026-06-15 03:11:56
jazz song,2026-05-31 22:03:08
jazz street,2026-05-31 21:47:09
jazz velour,2026-06-11 18:23:51
jazzers world,2026-05-31 21:49:34
jeff suits,2026-05-20 15:58:55
jennifphyams,2026-06-18 03:38:17
jeremy rosado,2026-06-15 16:06:24
jernblod,2026-05-30 17:34:47
jerrys room sound,2026-05-20 15:58:55
jess tailor,2026-05-31 18:11:15
jessie reid,2026-05-20 15:58:55
jh marco,2026-06-09 01:37:53
jin ruwa,2026-06-11 18:44:07
jinko,2026-06-24 15:40:55
jjy_east_side,2026-05-29 23:11:56
joe robinson,2026-05-20 15:58:55
john kingston,2026-06-09 04:15:19
johnny saphire,2026-05-20 15:58:55
jones joshua,2026-06-11 16:55:17
jones meadow,2026-05-20 15:58:55
josh krajcik,2026-05-20 15:58:55
joshua salatandra,2026-06-09 01:41:50
josiah love,2026-06-09 03:44:15
joy rhodes,2026-05-31 20:54:55
juan1love,2026-05-25 13:34:27
jukebox naughty the,2026-05-20 15:58:55
jul,2026-05-20 15:58:55
junipaa,2026-06-18 01:39:26
juno skye,2026-05-30 20:44:31
jvke,2026-05-20 15:58:55
jvoi,2026-05-29 23:25:17
kairi,2026-06-09 04:26:00
kaiyoshard,2026-05-25 17:20:41
kalyani matthew,2026-06-01 21:35:00
kamnox,2026-06-17 01:52:24
kapo,2026-05-20 15:58:55
kaya ras,2026-06-12 21:28:23
kaze nami,2026-05-29 23:12:34
kealux,2026-06-15 02:30:06
keen red,2026-05-31 19:50:10
kella solea,2026-05-30 20:06:29
kellie_with_an_ie,2026-05-20 15:58:55
ken0h2,2026-05-26 17:09:43
kendu vibes,2026-06-09 04:16:17
keys zwothe,2026-05-26 18:30:38
kilalayu,2026-05-30 17:10:34
king pandora,2026-05-20 15:58:55
king prada,2026-05-20 15:58:55
king willonius,2026-06-08 22:57:32
kliren shadow,2026-06-15 02:27:43
klosure,2026-06-13 21:27:50
knight raven,2026-05-26 17:19:54
knights kotr of revival the,2026-05-24 19:34:33
knorv,2026-06-16 20:34:26
knox sterlin,2026-05-20 15:58:55
kosloppdj,2026-06-16 23:33:07
kotak terang,2026-06-15 02:51:26
krugers slick,2026-06-17 00:58:06
kryptik,2026-05-26 17:05:43
kuday volkan,2026-06-11 17:03:38
kyn norah,2026-05-30 20:07:30
l2b,2026-05-20 15:58:55
lab records soul,2026-05-25 15:26:33
lacour russell,2026-06-15 02:21:58
lady the waking,2026-05-31 19:58:41
laga,2026-05-29 23:20:19
lana rosewood,2026-05-20 15:58:55
lancaster sydney,2026-06-12 18:33:20
laroque miles,2026-06-11 18:22:16
larry smilinson,2026-05-31 17:42:15
lartiste,2026-05-20 15:58:55
lashun pace,2026-05-20 15:58:55
last the viking,2026-06-12 21:54:33
layah noir,2026-05-30 20:03:37
layla smoke,2026-06-09 03:53:52
layla vaughn,2026-05-20 15:58:55
lee vyborny,2026-05-20 15:58:55
lenzspot,2026-06-15 02:19:24
lewgalon rowan,2026-06-16 18:48:52
libidosal,2026-06-15 02:18:01
lid of stars the,2026-06-13 01:51:06
light success,2026-05-20 15:58:55
likeai,2026-06-16 18:52:52
linia stuart,2026-05-20 15:58:55
lloyd spiegel,2026-05-20 15:58:55
lolita,2026-05-20 15:58:55
lomer sound,2026-05-30 20:02:50
losepa,2026-06-11 18:35:00
lostviking75,2026-05-29 23:23:30
loud marwa,2026-05-20 15:58:55
lovixx,2026-06-08 22:56:55
low night sunday,2026-05-22 15:34:49
lucash music,2026-05-20 15:58:55
luh valerie,2026-05-30 20:05:07
lumisound,2026-05-20 15:58:55
lumocore,2026-06-17 01:28:47
luna morgan,2026-05-20 15:58:55
luna noir,2026-05-20 15:58:55
lunariae,2026-06-12 17:15:09
lunas tunes,2026-05-20 15:58:55
lunavox,2026-05-30 20:08:02
lune soleil,2026-05-26 17:40:13
lunès,2026-06-16 18:44:22
lust midnight,2026-06-15 02:21:28
lydia wren,2026-06-11 18:30:31
lyra stone,2026-06-17 14:40:06
lyvion,2026-06-15 02:44:45
lâle,2026-06-18 01:28:18
m70,2026-06-27 00:43:04
mablak,2026-06-27 00:41:52
machine six,2026-06-16 21:09:57
mae nora,2026-05-20 15:58:55
magic within,2026-06-16 18:55:07
magical t,2026-06-18 01:14:29
maker way worship,2026-06-15 16:15:30
man of silent voices,2026-06-17 17:54:49
man redemption,2026-05-20 15:58:55
manelele trecutului,2026-05-25 15:05:24
manelele viitorului,2026-06-10 22:55:38
maneleletale,2026-05-20 15:58:55
manelelor secunda,2026-06-10 23:07:56
manifestica_studio,2026-06-11 18:48:52
marcus wilder,2026-05-20 15:58:55
marrow velorien,2026-06-11 18:31:46
matase taria,2026-05-25 15:22:15
matriix,2026-05-30 17:33:56
mavira,2026-05-25 17:11:46
mcarthur michael,2026-05-20 15:58:55
meerkat vibes,2026-05-29 23:41:08
melodys mythic,2026-06-11 18:41:25
meraki moon,2026-06-11 18:42:35
merry tavern the,2026-05-29 19:48:21
metal universe,2026-06-12 18:39:37
micah ray,2026-06-01 21:35:36
midnight railbones,2026-05-20 15:58:55
midnight teddy,2026-06-15 02:26:51
mightyw project,2026-05-29 23:21:00
mix reggae,2026-06-09 04:17:47
mixtape scripture,2026-06-15 03:14:58
mizmo,2026-05-20 15:58:55
moc of sound,2026-05-31 21:43:39
mollies soundscape,2026-05-31 18:10:26
monet xania,2026-06-13 17:37:24
monroe stella,2026-06-11 18:25:38
moonshine outlaws,2026-06-09 01:29:00
morales norci,2026-05-20 15:58:55
morphide,2026-06-17 15:07:25
moyo nabila,2026-06-11 17:06:34
mrnostyle,2026-05-20 15:58:55
music rastafari,2026-06-09 03:46:12
music rock vampire,2026-06-12 18:37:50
music sonic,2026-05-25 15:23:23
music unheard,2026-06-16 20:23:30
music_ai_romania,2026-05-25 15:22:52
mustangs the whiskey,2026-05-29 19:43:34
mynxmotion studio,2026-05-20 15:58:55
myron vex,2026-06-16 19:03:24
mysticmedievalambiente,2026-05-29 23:19:43
mørtem,2026-06-13 21:32:43
nakd,2026-05-30 17:02:21
naps,2026-05-20 15:58:55
nash warner,2026-06-17 17:48:27
nate vickers,2026-06-16 21:08:33
nation reggae,2026-06-09 04:18:29
nation yourock,2026-06-09 01:46:41
nature respect,2026-05-20 15:58:55
neferu,2026-05-30 17:04:34
nerin,2026-05-26 17:42:09
nevertel,2026-06-17 15:06:10
nezari,2026-05-20 15:58:55
niexshadow,2026-05-31 17:56:17
nightwhisper,2026-06-11 16:48:17
nini uppuluri,2026-06-15 02:16:28
niro,2026-05-20 15:58:55
noizy,2026-05-20 15:58:55
nordvar,2026-06-16 20:38:13
nova solé,2026-05-31 20:54:30
novasymph,2026-06-12 18:34:52
nox sirian,2026-06-16 23:18:14
obsidian swing,2026-06-16 21:04:04
of saint sin,2026-06-16 18:52:05
old whiskey,2026-05-31 17:57:35
olkokoko,2026-06-11 18:47:03
one wild,2026-05-29 19:39:31
onepix,2026-06-11 16:48:53
onkelmanu88,2026-05-29 23:14:09
oof,2026-05-31 21:45:00
orion7,2026-05-20 15:58:55
othravar,2026-06-18 01:50:43
over smoke zion,2026-06-12 21:29:06
pablo yg,2026-05-20 15:58:55
panther soul,2026-06-11 17:01:49
parker taylor,2026-06-15 02:16:28
partner silent the,2026-05-26 18:28:36
pasxkal,2026-06-15 02:26:11
path thodins,2026-06-16 18:53:38
peg power,2026-06-17 23:15:56
phantoms southern,2026-05-30 17:45:43
pines silver,2026-05-26 17:42:46
playbook song writers,2026-06-09 04:09:50
pray vinih,2026-05-31 21:45:48
preaching real,2026-05-25 13:23:06
producer zion,2026-06-09 04:06:43
promptgenix,2026-05-20 15:58:55
psychwitch,2026-05-29 23:42:19
purifai vibes,2026-05-20 15:58:55
qodës,2026-05-20 15:58:55
r4ya,2026-06-18 01:39:40
ragalor,2026-05-29 23:02:45
rasta ty,2026-06-09 04:22:39
rasta vibration,2026-06-18 04:32:25
raven,2026-06-15 02:52:06
raven vexa,2026-05-25 17:17:33
raven voices,2026-05-29 23:01:44
raven wolf,2026-05-29 22:28:48
ravenstrikex,2026-05-30 17:41:57
ravnir,2026-05-29 22:58:31
ravnlore,2026-05-29 22:31:40
ravyn vale,2026-06-12 18:38:53
ravynna,2026-05-29 23:16:53
ray solomon,2026-05-25 13:25:38
reality twisted,2026-05-25 17:16:20
reavo,2026-06-15 03:06:07
rebel rootsman,2026-06-09 04:24:14
rebornbeat,2026-06-17 00:57:28
red village,2026-05-31 20:57:56
reed tobias,2026-06-08 22:54:27
reggae soulful vibes,2026-06-09 04:12:22
reggae tahiti,2026-06-18 04:27:51
reinari,2026-06-27 00:42:25
respirpoezie,2026-05-20 15:58:55
restylehits,2026-06-01 21:39:11
rhys roberto,2026-06-27 19:23:33
rhyxa,2026-06-15 02:22:47
riders rune,2026-05-29 23:39:31
rockblues57,2026-05-29 20:16:28
rom4rio,2026-06-10 22:27:51
roma salvatore,2026-05-20 15:58:55
romeo,2026-05-29 19:40:59
ronja vind,2026-06-16 18:57:18
roots sound station,2026-06-18 04:31:37
rose sienna,2026-05-20 15:58:55
rosen stef,2026-05-20 15:58:55
roux the,2026-05-20 15:58:55
roxilulla,2026-06-18 01:39:19
royalle,2026-05-20 15:58:55
runa,2026-05-29 22:26:19
rvfv,2026-05-20 15:58:55
rynx,2026-06-15 02:52:44
rúnvyr,2026-05-30 17:41:18
sabian splash,2026-05-25 17:14:59
sade,2026-06-15 02:16:28
saida shakura,2026-06-15 02:16:28
saint vice,2026-06-11 02:46:22
salón vikingo,2026-05-30 17:40:29
sanka soul,2026-06-09 04:11:38
sbcreations21,2026-05-30 18:44:25
scallywags shatterglass,2026-05-29 19:46:22
sch,2026-05-20 15:58:55
seal,2026-05-20 15:58:55
seal the voices,2026-06-15 02:57:30
serena vibrante,2026-05-25 15:07:45
seth summers,2026-05-30 20:43:43
sevenfiftytwo,2026-06-11 02:47:56
seysey,2026-05-20 15:58:55
shadowmuse,2026-06-12 18:35:46
shaman warrior,2026-06-09 01:33:02
shea,2026-05-31 19:50:58
sheri ted,2026-05-20 15:58:55
sierra vale,2026-05-25 17:18:47
sigurd skullsplitter,2026-05-30 17:37:23
silas west,2026-06-09 01:29:48
silhouettes smokey,2026-05-20 15:58:55
silver sound the,2026-05-30 20:01:32
singer the velvet,2026-06-01 21:33:41
singing tavern the,2026-06-16 19:03:58
sirewolf,2026-05-29 22:35:56
sithani,2026-06-09 02:03:32
skaldic storm,2026-06-16 18:58:44
skjøldar,2026-06-16 20:29:50
skulgard,2026-06-16 20:36:40
slowburn,2026-06-15 02:16:28
smartyr,2026-06-13 21:35:20
snowy white,2026-06-15 02:16:28
sofrae,2026-06-15 03:18:22
sol umbra,2026-06-11 16:50:03
solpulse,2026-06-17 16:13:19
solyn,2026-06-15 02:16:28
sona,2026-06-16 18:47:14
sonara,2026-05-25 17:22:35
songalchemist,2026-05-22 15:36:41
sonicx7,2026-05-24 19:25:01
sophie zelmani,2026-05-20 15:58:55
soul tunes,2026-05-31 18:09:39
soulify,2026-06-01 15:03:59
sound the wave,2026-05-25 15:25:21
spirit viking,2026-05-29 22:27:33
spiritual workz,2026-05-25 13:28:31
spookydoo,2026-05-26 17:19:17
starletste_official,2026-05-25 15:25:58
stch,2026-05-29 23:25:59
stefnaxyz,2026-06-18 04:20:50
steuber tara,2026-05-30 17:14:26
stormhymn,2026-05-29 23:23:56
sugroove,2026-06-17 15:30:26
sumbuck,2026-05-20 15:58:55
sundown velvet,2026-06-11 17:23:03
sw teddy,2026-06-15 16:07:09
syntx,2026-06-16 20:35:13
tanty,2026-06-10 23:07:07
tee walter,2026-06-18 04:21:28
terminal zebra,2026-06-13 21:36:34
thunderpromot,2026-06-27 00:34:33
timal,2026-05-20 15:58:55
time,2026-05-31 21:48:50
timeless tone,2026-05-31 21:44:17
timpului vocea,2026-06-10 22:29:25
tips witchy,2026-06-16 18:37:26
titanchord,2026-05-29 22:39:20
tk,2026-05-20 15:58:55
tomsendk,2026-05-29 23:40:24
torn warn,2026-06-09 01:18:15
toxer,2026-05-29 23:07:17
treek,2026-05-30 17:47:18
troublement,2026-05-25 17:18:13
tsunomai,2026-06-01 21:36:15
tunes youtou,2026-05-20 15:58:55
vaelen,2026-06-16 22:51:29
vaelyn,2026-06-16 21:06:30
valkyrian,2026-06-16 19:04:39
valérie éva,2026-05-31 19:57:04
vaporian,2026-05-29 19:57:40
varian velaryn,2026-06-17 10:26:13
vikingechoes,2026-05-29 23:13:18
vladymix,2026-05-25 15:08:18
vlmnt,2026-05-30 17:07:51
vlnv,2026-05-25 13:31:18
vormentus,2026-06-13 21:26:13
vowless,2026-06-09 01:14:02
vyldra,2026-06-16 20:32:48
vyrma,2026-06-16 20:37:20
waila,2026-06-18 04:23:21
warchants,2026-05-30 17:39:10
wave zion,2026-06-09 04:14:29
way wyler,2026-06-09 01:31:03
weeliz,2026-05-25 17:16:56
weezy,2026-06-15 16:10:24
whiskeystainedlyrics,2026-05-20 15:58:55
witchsnook,2026-06-16 18:38:42
within zion,2026-06-18 04:29:18
xamira yiin,2026-06-12 18:37:03
xirat,2026-06-12 18:34:02
xman,2026-05-20 15:58:55
xxcaveinxx,2026-05-26 17:17:50
yaddah,2026-05-20 15:58:55
yraa,2026-06-10 22:28:47
zeno,2026-05-20 15:58:55
zenviro,2026-06-01 20:57:21
zionray,2026-05-20 15:58:55
zionwave,2026-05-20 15:58:55
zlaxxyfaia,2026-06-09 04:21:09
zmanele,2026-06-10 23:01:09
zrockph,2026-06-09 01:41:03
zunraid,2026-06-17 01:24:33
а ганіч,2026-06-12 21:53:13
เจบบลม,2026-05-30 17:36:05
